ORIGIN_AIRPORT,ORIGIN_AIRPORT_NAME,ORIGIN_LATITUDE,ORIGIN_LONGITUDE,flights,avg_arrival_delay,delayed_15_pct
ABE,Lehigh Valley International Airport,40.65236,-75.4404,2466,6.280210867802109,17.92
ABI,Abilene Regional Airport,32.41132,-99.6819,2423,2.5369376805612878,15.68
ABQ,Albuquerque International Sunport,35.04022,-106.60919,20723,4.414322250639386,17.63
ABR,Aberdeen Regional Airport,45.44906,-98.42183,733,9.027285129604365,17.87
ABY,Southwest Georgia Regional Airport,31.53552,-84.19447,952,7.8844537815126055,17.75
ACK,Nantucket Memorial Airport,41.25305,-70.06018,513,10.346978557504872,20.86
ACT,Waco Regional Airport,31.61129,-97.23052,1679,3.21143537820131,16.26
ACV,Arcata Airport,40.97812,-124.10862,1387,7.962509012256669,22.35
ACY,Atlantic City International Airport,39.45758,-74.57717,3772,7.858695652173913,21.24
ADK,Adak Airport,51.87796,-176.64603,97,11.824742268041238,43.3
ADQ,Kodiak Airport,57.74997,-152.49386,465,1.8731182795698924,12.9
AEX,Alexandria International Airport,31.32737,-92.54856,3332,8.24249699879952,19.39
AGS,Augusta Regional Airport (Bush Field),33.36996,-81.9645,2568,7.975467289719626,19.43
AKN,King Salmon Airport,58.6768,-156.64922,63,4.349206349206349,22.22
ALB,Albany International Airport,42.74812,-73.80298,8053,-2.24549857196076,13.36
ALO,Waterloo Regional Airport,42.55708,-92.40034,638,-0.5031347962382445,15.83
AMA,Rick Husband Amarillo International Airport,35.21937,-101.70593,4378,6.0883965280950205,17.84
ANC,Ted Stevens Anchorage International Airport,61.17432,-149.99619,17043,-0.4801384732734847,12.5
APN,Alpena County Regional Airport,45.07807,-83.56029,596,1.9899328859060403,13.26
ASE,Aspen-Pitkin County Airport,39.22316,-106.86885,3321,15.26196928635953,29.33
ATL,Hartsfield-Jackson Atlanta International Airport,33.64044,-84.42694,376015,2.4182306556919273,15.8
ATW,Appleton International Airport,44.25741,-88.51948,3018,5.523856858846918,18.89
AUS,Austin-Bergstrom International Airport,30.19453,-97.66987,45263,4.675452356229149,16.84
AVL,Asheville Regional Airport,35.43619,-82.54181,2952,6.324186991869919,17.34
AVP,Wilkes-Barre/Scranton International Airport,41.33815,-75.72427,1438,6.529207232267037,17.8
AZO,Kalamazoo/Battle Creek International Airport,42.23488,-85.55206,1863,0.5104669887278583,16.8
BDL,Bradley International Airport,41.93887,-72.68323,20080,0.17430278884462153,15.11
BET,Bethel Airport,60.77978,-161.838,964,3.8184647302904566,14.32
BFL,Meadows Field,35.4336,-119.05677,2770,3.26101083032491,15.27
BGM,Greater Binghamton Airport,42.20848,-75.97961,321,6.218068535825545,16.2
BGR,Bangor International Airport,44.80744,-68.82814,390,3.2384615384615385,13.08
BHM,Birmingham-Shuttlesworth International Airport,33.56294,-86.75355,13421,4.253259816705164,16.88
BIL,Billings Logan International Airport,45.80766,-108.54286,3114,-2.7280025690430314,9.79
BIS,Bismarck Municipal Airport,46.77411,-100.74672,3719,4.208389351976337,16.83
BJI,Bemidji Regional Airport,47.50942,-94.93372,726,0.7796143250688705,10.61
BLI,Bellingham International Airport,48.79275,-122.53753,704,-1.4105113636363635,10.23
BMI,Central Illinois Regional Airport at Bloomington-Normal,40.47799,-88.91595,2857,4.908995449772489,17.99
BNA,Nashville International Airport,36.12448,-86.67818,50821,4.074673855296039,17.65
BOI,Boise Airport (Boise Air Terminal),43.56444,-116.22278,12680,5.564432176656151,16.31
BOS,Gen. Edward Lawrence Logan International Airport,42.36435,-71.00518,114895,3.7630793333043213,19.67
BPT,Jack Brooks Regional Airport (Southeast Texas Regional),29.95083,-94.02069,990,14.47979797979798,24.85
BQK,Brunswick Golden Isles Airport,31.25903,-81.46631,954,4.481132075471698,16.88
BQN,Rafael Hernández Airport,18.49486,-67.12944,1427,4.538892782060266,20.18
BRD,Brainerd Lakes Regional Airport,46.39786,-94.13723,635,-0.6897637795275591,17.01
BRO,Brownsville/South Padre Island International Airport,25.90683,-97.42586,2454,1.6226568867155664,13.37
BRW,Wiley Post-Will Rogers Memorial Airport,71.28545,-156.766,902,1.728381374722838,14.97
BTM,Bert Mooney Airport,45.9548,-112.49746,708,-6.3940677966101696,6.07
BTR,Baton Rouge Metropolitan Airport,30.53316,-91.14963,7631,10.753374393919538,21.85
BTV,Burlington International Airport,44.473,-73.15031,3229,5.6649117373799935,20.53
BUF,Buffalo Niagara International Airport,42.94052,-78.73217,18061,0.1546426000775151,14.87
BUR,Bob Hope Airport (Hollywood Burbank Airport),34.20062,-118.3585,20280,2.9562130177514794,14.35
BWI,Baltimore-Washington International Airport,39.1754,-76.6682,92320,6.768316724436742,21.98
BZN,Bozeman Yellowstone International Airport (Gallatin Field Airport),45.7769,-111.15301,3890,1.017223650385604,13.19
CAE,Columbia Metropolitan Airport,33.93884,-81.11954,5439,7.541643684500827,18.77
CAK,Akron-Canton Regional Airport,40.91631,-81.44247,6463,-0.17236577440816958,13.48
CDC,Cedar City Regional Airport,37.70097,-113.09858,625,0.4544,10.72
CDV,Merle K. (Mudhole) Smith Airport,60.49183,-145.47765,714,-1.649859943977591,15.41
CEC,Del Norte County Airport (Jack McNamara Field),41.78016,-124.23653,173,9.583815028901734,24.28
CHA,Chattanooga Metropolitan Airport (Lovell Field),35.03527,-85.20379,4540,5.540748898678414,17.84
CHO,Charlottesville-Albemarle Airport,38.13864,-78.45286,2328,8.504725085910653,19.16
CHS,Charleston International Airport/Charleston AFB,32.89865,-80.04051,12752,3.653858218318695,16.38
CID,The Eastern Iowa Airport,41.88459,-91.71087,7117,8.202332443445272,20.67
CIU,Chippewa County International Airport,46.25075,-84.47239,653,8.22052067381317,16.23
CLD,McClellan-Palomar Airport,33.12723,-117.27873,628,5.240445859872612,16.08
CLE,Cleveland Hopkins International Airport,41.41089,-81.8494,36967,2.625530878891985,16.65
CLL,Easterwood Airport,30.58859,-96.36382,2418,2.031430934656741,12.7
CLT,Charlotte Douglas International Airport,35.21401,-80.94313,108589,5.479763143596497,20.28
CMH,Port Columbus International Airport,39.99799,-82.89188,25735,3.098698270837381,17.47
CMI,University of Illinois - Willard Airport,40.03925,-88.27806,2199,2.9954524783992724,16.83
CMX,Houghton County Memorial Airport,47.16842,-88.48906,679,4.742268041237113,13.99
CNY,Canyonlands Field,38.75496,-109.75484,205,-20.678048780487806,1.95
COD,Yellowstone Regional Airport,44.52019,-109.0238,681,8.146842878120411,22.76
COS,City of Colorado Springs Municipal Airport,38.80581,-104.70025,7350,7.22530612244898,18.19
COU,Columbia Regional Airport,38.81809,-92.21963,1364,10.80058651026393,20.6
CPR,Natrona County International Airport,42.90836,-106.46447,1881,-4.617224880382775,11.43
CRP,Corpus Christi International Airport,27.77036,-97.50122,5075,6.520394088669951,18.11
CRW,Yeager Airport,38.37315,-81.59319,2539,10.075620322961797,22.37
CSG,Columbus Metropolitan Airport,32.51633,-84.93886,1172,4.349829351535837,16.3
CVG,Cincinnati/Northern Kentucky International Airport,39.04614,-84.66217,21370,5.2444080486663545,18.86
CWA,Central Wisconsin Airport,44.77762,-89.66678,1506,3.6088977423638777,15.94
DAB,Daytona Beach International Airport,29.17992,-81.05806,1605,-0.859190031152648,10.59
DAL,Dallas Love Field,32.84711,-96.85177,64545,7.785421024091719,21.89
DAY,James M. Cox Dayton International Airport,39.90238,-84.21938,9106,3.7381945969690316,17.69
DBQ,Dubuque Regional Airport,42.40296,-90.70917,956,1.0481171548117154,15.59
DCA,Ronald Reagan Washington National Airport,38.85208,-77.03772,78338,2.756350685491077,17.81
DEN,Denver International Airport,39.85841,-104.667,211479,6.466495491278094,21.56
DFW,Dallas/Fort Worth International Airport,32.89595,-97.0372,253233,6.416853253722856,21.02
DHN,Dothan Regional Airport,31.32134,-85.44963,1361,9.024246877296106,22.26
DIK,Dickinson Theodore Roosevelt Regional Airport,46.79739,-102.80195,979,-4.297242083758937,10.32
DLG,Dillingham Airport,59.04541,-158.50334,77,-7.87012987012987,9.09
DLH,Duluth International Airport,46.84209,-92.19365,1887,9.45945945945946,20.77
DRO,Durango-La Plata County Airport,37.15152,-107.75377,2194,6.022789425706472,17.5
DSM,Des Moines International Airport,41.53493,-93.66068,8804,6.21637891867333,18.84
DTW,Detroit Metropolitan Airport,42.21206,-83.34884,116874,3.2160702979276827,17.21
DVL,Devils Lake Regional Airport,48.11425,-98.90878,514,2.2315175097276265,11.87
EAU,Chippewa Valley Regional Airport,44.86526,-91.48507,696,5.941091954022989,16.81
EGE,Eagle County Regional Airport,39.64257,-106.9177,1202,12.306988352745424,23.46
EKO,Elko Regional Airport,40.82493,-115.7917,570,-3.312280701754386,7.89
ELM,Elmira/Corning Regional Airport,42.15991,-76.89144,2202,5.495004541326067,18.17
ELP,El Paso International Airport,31.80667,-106.37781,12842,4.709702538545398,15.93
ERI,Erie International Airport,42.08202,-80.17622,765,7.705882352941177,17.78
ESC,Delta County Airport,45.72267,-87.09373,606,2.83993399339934,9.08
EUG,Eugene Airport (Mahlon Sweet Field),44.12326,-123.21869,3883,3.243110996652073,15.68
EVV,Evansville Regional Airport,38.03799,-87.53063,4103,6.189129904947599,19.52
EWN,Coastal Carolina Regional Airport (Craven County Regional),35.07297,-77.04294,620,5.358064516129033,14.52
EWR,Newark Liberty International Airport,40.6925,-74.16866,107849,3.922799469628833,20.88
EYW,Key West International Airport,24.55611,-81.75956,2091,2.1688187470109996,12.58
FAI,Fairbanks International Airport,64.81368,-147.85967,2345,0.4230277185501066,13.01
FAR,Hector International Airport,46.91935,-96.81499,6088,3.9899802890932983,17.81
FAT,Fresno Yosemite International Airport,36.77619,-119.71814,7577,8.406361356737495,19.32
FAY,Fayetteville Regional Airport,34.99147,-78.88,1762,5.759931895573212,15.83
FCA,Glacier Park International Airport,48.3114,-114.25507,2119,-2.739027843322322,11.0
FLG,Flagstaff Pulliam Airport,35.13845,-111.67122,1766,6.211211778029445,16.25
FLL,Fort Lauderdale-Hollywood International Airport,26.07258,-80.15275,78333,3.445789131017579,18.58
FNT,Bishop International Airport,42.9655,-83.74346,5041,-2.1987700853005356,12.02
FSD,Sioux Falls Regional Airport,43.58135,-96.7417,5599,8.646544025718878,21.27
FSM,Fort Smith Regional Airport,35.33659,-94.36744,2084,5.68953934740883,16.89
FWA,Fort Wayne International Airport,40.97847,-85.19515,5589,6.345142243692968,17.7
GCC,Gillette-Campbell County Airport,44.3489,-105.53936,1070,-4.55607476635514,9.91
GCK,Garden City Regional Airport,37.92752,-100.72441,697,4.483500717360115,18.36
GEG,Spokane International Airport,47.61986,-117.53384,10265,2.6739405747686313,13.67
GFK,Grand Forks International Airport,47.94926,-97.17611,804,4.240049751243781,17.41
GGG,East Texas Regional Airport,32.38486,-94.71171,669,8.907324364723468,19.88
GJT,Grand Junction Regional Airport (Walker Field),39.12241,-108.52673,3390,1.5103244837758112,12.06
GNV,Gainesville Regional Airport,29.69006,-82.27178,2869,7.771697455559428,19.03
GPT,Gulfport-Biloxi International Airport,30.40728,-89.07009,3809,1.3599369913363086,14.18
GRB,Green Bay-Austin Straubel International Airport,44.48507,-88.12959,5208,3.613479262672811,16.24
GRI,Central Nebraska Regional Airport,40.96747,-98.30861,662,-0.27492447129909364,15.41
GRK,Killeen-Fort Hood Regional Airport,31.0649,-97.8278,4230,5.0049645390070925,16.0
GRR,Gerald R. Ford International Airport,42.88082,-85.52277,11463,1.607694320858414,15.6
GSO,Piedmont Triad International Airport,36.09775,-79.9373,7055,5.542593905031892,18.8
GSP,Greenville-Spartanburg International Airport,34.89567,-82.21886,7006,2.655866400228376,15.09
GST,Gustavus Airport,58.42438,-135.70738,76,21.763157894736842,44.74
GTF,Great Falls International Airport,47.482,-111.37069,2134,-1.2282099343955013,9.14
GTR,Golden Triangle Regional Airport,33.45033,-88.59137,1000,7.681,19.6
GUC,Gunnison-Crested Butte Regional Airport,38.53396,-106.93318,472,8.625,23.09
GUM,Guam International Airport,13.48345,-144.79598,360,4.575,16.94
HDN,Yampa Valley Airport (Yampa Valley Regional),40.48118,-107.21766,706,8.157223796033994,22.66
HIB,Range Regional Airport (Chisholm-Hibbing Airport),47.3866,-92.83899,961,-1.2622268470343392,12.7
HLN,Helena Regional Airport,46.60682,-111.98275,1560,-2.1455128205128204,9.42
HNL,Honolulu International Airport,21.31869,-157.92241,46707,0.5786284711071146,10.51
HOB,Lea County Regional Airport,32.68753,-103.21703,600,2.756666666666667,12.17
HOU,William P. Hobby Airport,29.64542,-95.27889,55813,7.163743213946572,21.14
HPN,Westchester County Airport,41.06696,-73.70757,7850,9.087898089171974,24.23
HRL,Valley International Airport,26.22851,-97.65439,3301,1.2853680702817327,11.6
HSV,Huntsville International Airport,34.64045,-86.77311,4812,2.904821280133001,15.11
HYA,Barnstable Municipal Airport,41.66934,-70.28036,82,8.621951219512194,19.51
HYS,Hays Regional Airport,38.84494,-99.27403,610,2.6721311475409837,17.7
IAD,Washington Dulles International Airport,38.94453,-77.45581,36643,4.505307971508883,20.07
IAG,Niagara Falls International Airport,43.10726,-78.94538,334,3.7005988023952097,22.16
IAH,George Bush Intercontinental Airport,29.98047,-95.33972,157110,6.906339507351537,20.79
ICT,Wichita Dwight D. Eisenhower National Airport (Wichita Mid-Continent Airport),37.64996,-97.43305,8567,6.240574296719972,18.73
IDA,Idaho Falls Regional Airport,43.51456,-112.07017,2426,-2.530502885408079,10.72
ILG,Wilmington Airport,39.67872,-75.60653,95,24.063157894736843,38.95
ILM,Wilmington International Airport,34.27061,-77.90256,2052,3.439571150097466,13.99
IMT,Ford Airport,45.81835,-88.11454,662,-1.3806646525679758,11.18
IND,Indianapolis International Airport,39.71733,-86.29438,27409,1.8575650333831952,15.79
INL,Falls International Airport,48.56619,-93.40307,608,5.161184210526316,12.5
ISN,Sloulin Field International Airport,48.17794,-103.64235,2699,0.4972211930344572,14.71
ISP,Long Island MacArthur Airport,40.79524,-73.10021,4604,1.8562119895742832,16.57
ITH,Ithaca Tompkins Regional Airport,42.49103,-76.45844,30,7.9,16.67
ITO,Hilo International Airport,19.72026,-155.04847,6211,0.20850104653034937,8.18
JAC,Jackson Hole Airport,43.60732,-110.73774,3602,2.159078289838978,16.19
JAN,Jackson-Evers International Airport,32.31117,-90.07589,7548,3.513116057233704,17.01
JAX,Jacksonville International Airport,30.49406,-81.68786,19478,3.2917650682821646,15.85
JFK,John F. Kennedy International Airport (New York International Airport),40.63975,-73.77893,99918,3.1688684721471607,21.54
JLN,Joplin Regional Airport,37.15181,-94.49827,687,7.983988355167394,20.38
JMS,Jamestown Regional Airport,46.92972,-98.6782,818,2.0488997555012225,16.5
JNU,Juneau International Airport,58.35496,-134.57628,4361,5.5512497133684935,18.34
KOA,Kona International Airport at Keahole,19.73877,-156.04563,12018,-0.3914128806789815,10.26
KTN,Ketchikan International Airport,55.35557,-131.71374,2467,3.2533441426834213,18.12
LAN,Capital Region International Airport ( Lansing Capital City),42.7787,-84.58736,2019,5.659237246161466,18.13
LAR,Laramie Regional Airport,41.31205,-105.67499,608,-4.332236842105263,11.84
LAS,McCarran International Airport,36.08036,-115.15233,144586,5.654198885092609,20.2
LAW,Lawton-Fort Sill Regional Airport,34.56771,-98.41664,1355,6.5040590405904055,16.97
LAX,Los Angeles International Airport,33.94254,-118.40807,209631,5.286918442405942,20.4
LBB,Lubbock Preston Smith International Airport,33.66364,-101.82278,4888,6.426759410801964,16.49
LBE,Arnold Palmer Regional Airport,40.27594,-79.4048,1360,7.203676470588236,23.24
LCH,Lake Charles Regional Airport,30.1261,-93.2234,1993,0.03763171098845961,13.05
LEX,Blue Grass Airport,38.03697,-84.60539,6384,2.226973684210526,15.3
LFT,Lafayette Regional Airport,30.20528,-91.98766,5428,7.12656595431098,19.25
LGA,LaGuardia Airport (Marine Air Terminal),40.77724,-73.87261,103281,5.043357442317561,23.39
LGB,Long Beach Airport (Daugherty Field),33.81772,-118.15161,9475,4.025751978891821,17.87
LIH,Lihue Airport,21.97598,-159.33896,11365,-1.0581610206775187,9.86
LIT,Bill and Hillary Clinton National Airport (Adams Field),34.7294,-92.22425,11167,5.26049968657652,18.43
LNK,Lincoln Airport (Lincoln Municipal),40.85097,-96.75925,2850,4.08140350877193,15.33
LRD,Laredo International Airport,27.54374,-99.46154,2324,2.391566265060241,13.34
LSE,La Crosse Regional Airport,43.87938,-91.25654,1746,1.8980526918671248,15.75
LWS,Lewiston-Nez Perce County Airport,46.3745,-117.01539,641,-6.889235569422777,4.21
MAF,Midland International Airport,31.94253,-102.20191,7844,5.494135645079042,16.98
MBS,MBS International Airport,43.53291,-84.07965,1794,4.908584169453735,17.06
MCI,Kansas City International Airport,39.29761,-94.71391,41642,3.638177801258345,16.31
MCO,Orlando International Airport,28.42889,-81.31603,118538,6.402613507904638,19.76
MDT,Harrisburg International Airport,40.1935,-76.7634,3495,1.6512160228898427,14.74
MDW,Chicago Midway International Airport,41.78598,-87.75242,86283,5.280854861328419,20.93
MEI,Meridian Regional Airport,32.33313,-88.75121,970,7.949484536082474,21.24
MEM,Memphis International Airport,35.04242,-89.97667,15891,3.7824554779434902,16.69
MFE,McAllen-Miller International Airport (McAllen Miller International),26.17583,-98.23861,3525,3.710921985815603,14.13
MFR,Rogue Valley International Airport,42.37423,-122.8735,2670,3.9891385767790264,16.7
MGM,Montgomery Regional Airport,32.30064,-86.39398,3412,6.945486518171161,19.78
MHK,Manhattan Regional Airport,39.14097,-96.67083,1711,1.9608416130917592,16.19
MHT,Manchester-Boston Regional Airport,42.93452,-71.43706,6686,-0.24783128926114267,14.31
MIA,Miami International Airport,25.79325,-80.29056,74230,6.493089047554897,22.4
MKE,General Mitchell International Airport,42.94722,-87.89658,31803,2.1220010690815334,16.5
MKG,Muskegon County Airport,43.16949,-86.23822,680,5.8691176470588236,20.59
MLB,Melbourne International Airport,28.10275,-80.64581,1438,1.7809457579972183,12.31
MLI,Quad City International Airport,41.44853,-90.50754,3922,6.284293727689954,19.66
MLU,Monroe Regional Airport,32.51087,-92.03769,3150,7.005396825396826,18.0
MMH,Mammoth Yosemite Airport,37.62405,-118.83777,140,7.928571428571429,30.0
MOB,Mobile Regional Airport,30.69142,-88.24283,5333,6.909806862928933,18.51
MOT,Minot International Airport,48.25938,-101.28033,2037,2.0382916053019144,14.58
MQT,Sawyer International Airport,46.35364,-87.39536,322,1.68944099378882,18.94
MRY,Monterey Regional Airport (Monterey Peninsula Airport),36.58698,-121.84295,3068,5.936440677966102,17.18
MSN,Dane County Regional Airport,43.13986,-89.33751,9667,2.6748732802317163,15.79
MSO,Missoula International Airport,46.91631,-114.09056,2224,-1.5723920863309353,10.66
MSP,Minneapolis-Saint Paul International Airport,44.88055,-93.21692,121607,1.5286948942083927,15.82
MSY,Louis Armstrong New Orleans International Airport,29.99339,-90.25803,41938,3.3186370356240165,16.37
MTJ,Montrose Regional Airport,38.50887,-107.89383,972,2.4886831275720165,17.49
MVY,Martha's Vineyard Airport,41.39303,-70.61433,216,12.356481481481481,24.54
MYR,Myrtle Beach International Airport,33.67975,-78.92833,5231,7.083922768113172,21.56
OAJ,Albert J. Ellis Airport,34.82916,-77.61214,1230,9.559349593495934,18.29
OAK,Oakland International Airport,37.72129,-122.22072,45663,6.157983487725292,19.92
OGG,Kahului Airport,20.89865,-156.43046,22291,0.876003768336997,12.89
OKC,Will Rogers World Airport,35.39309,-97.60073,17424,4.441402662993572,16.91
OMA,Eppley Airfield,41.30252,-95.89417,17934,3.217129474740716,16.23
OME,Nome Airport,64.5122,-165.44525,689,8.283018867924529,21.77
ONT,Ontario International Airport,34.056,-117.60119,19503,4.0137927498333585,16.59
ORD,Chicago O'Hare International Airport,41.9796,-87.90446,304120,7.59611995265027,23.12
ORF,Norfolk International Airport,36.89461,-76.20122,9996,3.494097639055622,16.62
ORH,Worcester Regional Airport,42.26734,-71.87571,691,0.5441389290882779,18.23
OTH,Southwest Oregon Regional Airport (North Bend Municipal),43.41714,-124.24603,296,16.1722972972973,29.05
OTZ,Ralph Wien Memorial Airport,66.88468,-162.59855,691,6.562952243125904,22.14
PAH,Barkley Regional Airport,37.06083,-88.77375,682,4.997067448680352,13.05
PBI,Palm Beach International Airport,26.68316,-80.09559,23868,7.444444444444445,21.21
PDX,Portland International Airport,45.58872,-122.5975,51316,0.6808402837321693,13.19
PHF,Newport News/Williamsburg International Airport,37.1319,-76.49299,1343,8.409530900967981,19.14
PHL,Philadelphia International Airport,39.87195,-75.24114,70816,3.859551513782196,21.22
PHX,Phoenix Sky Harbor International Airport,33.43417,-112.00806,158436,4.033855941831402,18.42
PIA,General Wayne A. Downing Peoria International Airport,40.66424,-89.69331,4960,5.449193548387097,19.07
PIB,Hattiesburg-Laurel Regional Airport,31.46715,-89.33706,615,8.391869918699188,17.72
PIH,Pocatello Regional Airport,42.91131,-112.59586,709,2.1875881523272214,8.6
PIT,Pittsburgh International Airport,40.49147,-80.23287,25791,-1.5000969330386569,13.91
PLN,Pellston Regional Airport of Emmet County,45.57093,-84.79672,792,6.931818181818182,13.01
PNS,Pensacola International Airport (Pensacola Gulf Coast Regional Airport),30.47331,-87.18744,6876,3.2008435136707387,15.66
PPG,Pago Pago International Airport (Tafuna Airport),14.33102,-170.71053,115,27.643478260869564,30.43
PSC,Tri-Cities Airport,46.26468,-119.11903,2603,0.4944295044179793,12.83
PSE,Mercedita Airport,18.0083,-66.56301,798,-4.339598997493734,14.04
PSG,Petersburg James A. Johnson Airport,56.80165,-132.94528,712,5.695224719101123,21.35
PSP,Palm Springs International Airport,33.82922,-116.50625,9537,5.826150781168082,17.43
PUB,Pueblo Memorial Airport,38.28909,-104.49657,253,2.2213438735177866,16.21
PVD,Theodore Francis Green State Airport,41.724,-71.42822,11849,0.10043041606886657,15.39
PWM,Portland International Jetport,43.64617,-70.30875,5004,3.3361310951239007,17.13
RAP,Rapid City Regional Airport,44.04532,-103.05737,3430,3.363848396501458,16.15
RDD,Redding Municipal Airport,40.50898,-122.2934,768,0.62890625,14.06
RDM,Redmond Municipal Airport (Roberts Field),44.25407,-121.14996,2319,0.8020698576972833,13.63
RDU,Raleigh-Durham International Airport,35.87764,-78.78747,34058,4.005373186916437,17.76
RHI,Rhinelander-Oneida County Airport,45.63119,-89.46745,1023,5.020527859237537,23.07
RIC,Richmond International Airport,37.50517,-77.31967,16515,5.3022101120193765,18.32
RKS,Rock Springs-Sweetwater County Airport,41.59422,-109.06519,727,-0.5488308115543329,10.73
RNO,Reno/Tahoe International Airport,39.49858,-119.76806,13988,4.91449814126394,17.66
ROA,Roanoke Regional Airport (Woodrum Field),37.32547,-79.97543,2440,6.56516393442623,18.48
ROC,Greater Rochester International Airport,43.11887,-77.67238,7971,0.8631288420524401,15.98
ROW,Roswell International Air Center,33.30156,-104.53056,1003,5.892323030907278,17.05
RST,Rochester International Airport,43.90883,-92.49799,2156,3.4948979591836733,19.34
RSW,Southwest Florida International Airport,26.53617,-81.75517,28694,3.57607862270858,17.59
SAF,Santa Fe Municipal Airport,35.61678,-106.08814,1523,8.013131976362443,20.42
SAN,San Diego International Airport (Lindbergh Field),32.73356,-117.18966,75454,3.0306411853579664,17.2
SAT,San Antonio International Airport,29.53369,-98.46978,31969,1.7188839187963338,14.66
SAV,Savannah/Hilton Head International Airport,32.12758,-81.20214,8028,5.461509715994021,18.55
SBA,Santa Barbara Municipal Airport (Santa Barbara Airport),34.42621,-119.84037,6441,5.113025927650986,17.53
SBN,South Bend International Airport (South Bend Regional),41.70895,-86.31847,4757,8.679419802396469,18.31
SBP,San Luis Obispo County Regional Airport (McChesney Field),35.23706,-120.64239,3309,4.6908431550317315,18.95
SCC,Deadhorse Airport (Prudhoe Bay Airport),70.19476,-148.46516,896,0.9051339285714286,13.39
SCE,University Park Airport,40.85121,-77.8463,944,5.404661016949152,17.37
SDF,Louisville International Airport (Standiford Field),38.17439,-85.736,10781,2.691123272423708,16.64
SEA,Seattle-Tacoma International Airport,47.44898,-122.30931,120539,2.5804594363649938,16.49
SFO,San Francisco International Airport,37.619,-122.37484,159585,5.400820879155309,19.91
SGF,Springfield-Branson National Airport,37.24433,-93.38686,6556,8.630414887126296,20.0
SGU,St. George Regional Airport,37.09058,-113.59306,1973,1.9113025848960974,11.2
SHV,Shreveport Regional Airport,32.44663,-93.8256,6478,9.194813213954925,19.88
SIT,Sitka Rocky Gutierrez Airport,57.04714,-135.3616,1414,2.041018387553041,15.35
SJC,Norman Y. Mineta San José International Airport,37.36186,-121.92901,41165,4.828154986031823,17.37
SJT,San Angelo Regional Airport (Mathis Field),31.35775,-100.49631,1693,4.0378027170702895,17.9
SJU,Luis Muñoz Marín International Airport,18.43942,-66.00183,26257,2.506036485508626,17.48
SLC,Salt Lake City International Airport,40.78839,-111.97777,105243,0.4051670894976388,13.12
SMF,Sacramento International Airport,38.69542,-121.59077,40386,5.147105432575645,17.4
SMX,Santa Maria Public Airport (Capt G. Allan Hancock Field),34.89925,-120.45758,713,5.64656381486676,16.97
SNA,John Wayne Airport (Orange County Airport),33.67566,-117.86822,40232,1.5271674289123085,14.56
SPI,Abraham Lincoln Capital Airport,39.84395,-89.67762,1665,7.225225225225225,17.12
SPS,Wichita Falls Municipal Airport/Sheppard AFB,33.9888,-98.49189,1287,5.232323232323233,16.55
SRQ,Sarasota-Bradenton International Airport,27.39533,-82.55411,3622,4.455825510767532,15.6
STC,St. Cloud Regional Airport,45.54532,-94.05834,77,19.558441558441558,31.17
STL,St. Louis International Airport at Lambert Field,38.74769,-90.35999,50476,3.7113479673508203,18.02
STT,Cyril E. King Airport,18.33731,-64.97336,4405,3.798410896708286,18.68
STX,Henry E. Rohlsen Airport,17.70189,-64.79856,1000,5.06,20.0
SUN,Friedman Memorial Airport,43.50484,-114.29659,927,1.063646170442287,13.16
SUX,Sioux Gateway Airport,42.4026,-96.38437,646,5.603715170278638,18.73
SWF,Stewart International Airport,41.50409,-74.10484,738,6.314363143631437,19.65
SYR,Syracuse Hancock International Airport,43.11119,-76.10631,6080,0.35411184210526314,16.28
TLH,Tallahassee International Airport,30.39653,-84.35033,3419,3.3021351272301844,15.18
TOL,Toledo Express Airport,41.58681,-83.80783,985,-3.0730964467005077,15.23
TPA,Tampa International Airport,27.97547,-82.53325,68202,4.5163045071992025,17.47
TRI,Tri-Cities Regional Airport,36.47521,-82.40742,2065,4.116707021791767,16.13
TTN,Trenton Mercer Airport,40.27669,-74.81347,3048,10.576771653543307,22.83
TUL,Tulsa International Airport,36.19837,-95.88824,15010,3.6421718854097267,16.82
TUS,Tucson International Airport,32.11608,-110.94103,16221,2.1209543184760498,14.84
TVC,Cherry Capital Airport,44.74144,-85.58224,2868,1.661436541143654,15.17
TWF,Magic Valley Regional Airport (Joslin Field),42.4818,-114.48774,892,-1.5448430493273542,10.31
TXK,Texarkana Regional Airport (Webb Field),33.45371,-93.99102,1000,5.27,16.2
TYR,Tyler Pounds Regional Airport,32.35414,-95.40239,2422,5.5990916597853015,17.13
TYS,McGhee Tyson Airport,35.81249,-83.99286,7375,7.601898305084746,20.76
VEL,Valdez Airport,40.4409,-109.50992,200,-7.52,3.5
VLD,Valdosta Regional Airport,30.7825,-83.27672,1013,7.016781836130306,15.99
VPS,Destin-Fort Walton Beach Airport/Eglin AFB,30.48325,-86.5254,5151,5.1731702582022905,16.46
WRG,Wrangell Airport,56.48433,-132.36982,707,4.87977369165488,17.96
WYS,Westerly State Airport,44.6884,-111.11764,208,-1.8653846153846154,7.21
XNA,Northwest Arkansas Regional Airport,36.28187,-94.30681,9895,10.282364830722587,21.88
YAK,Yakutat Airport,59.50336,-139.66023,712,-5.34691011235955,10.96
YUM,Yuma International Airport,32.65658,-114.60597,2031,2.1683899556868536,10.68
